[
  {
    "name": "Hemanth Savarala",
    "summary": "Lead Developer & Designer",
    "link": "https://github.com/h4h13",
    "profile_image": "https://i.imgur.com/AoVs9oj.jpg"
  },
  {
    "name": "Lennart Glamann",
    "summary": "Designer",
    "link": "https://t.me/FlixbusLennart",
    "profile_image": "https://i.imgur.com/Q5Nsx1R.jpg"
  },
  {
    "name": "GameSpeck",
    "summary": "Telegram group maintainer",
    "link": "https://t.me/GameSpeck",
    "profile_image": "https://imgur.com/B15Kb9a.jpg"
  },
  {
    "name": "Milind Goel",
    "summary": "Github & Telegram maintainer",
    "link": "https://t.me/MilindGoel15",
    "profile_image": "https://i.imgur.com/Bz4De21_d.jpg"
  }
]